"normalizedKey","count","uniqueTitles","locations","category","sampleTitles","sampleLocations"
"anatomy and physiology","7","7","1","base_title_plus_set_series","Anatomy & Physiology Proctored Exam Practice Questions | Anatomy and Physiology Proctored Exam Practice Questions - Set 12 | Anatomy and Physiology Proctored Exam Practice Questions - Set 13 | Anatomy and Physiology Proctored Exam Practice Questions - Set 6 | Anatomy and Physiology Proctored Exam Practice Questions - Set 2 | Anatomy and Physiology Proctored Exam Practice Questions - Set 5 | Anatomy and Physiology Proctored Exam Practice Questions - Set 10","RN Exams > RN Nursing Course Exams > Anatomy and Physiology"
"ati pn advanced med surg","3","3","1","base_title_plus_set_series","ATI PN Advanced Med Surg Proctored Exam Practice Questions - Set 28 | ATI PN Advanced Med Surg Proctored Exam Practice Questions - Set 27 | ATI PN Advanced Med Surg Proctored Exam. Practice Questions","LPN Exams > ATI LPN Exams > Adult Medical Surgical"
"ati pn nutrition","3","3","1","base_title_plus_set_series","ATI PN Nutrition Proctored Exam Practice Questions - Set 3 | ATI PN Nutrition Proctored Quiz Practice Questions | ATI PN Nutrition Proctored Exam Practice Questions - Set 2","LPN Exams > ATI LPN Exams > Nutrition"
"ati pn pharmacology","10","10","1","base_title_plus_set_series","ATI PN Pharmacology 2020 Proctored Exam Practice Questions - Set 22 | ATI PN Pharmacology Proctored Exam 2023 Practice Questions - Set 9 | ATI PN Pharmacology Proctored Exam Practice Questions - Set 10 | ATI PN Pharmacology 2023 Proctored Exam Practice Questions - Set 16 | ATI PN Pharmacology Proctored Exam Practice Questions - Set 1 | ATI PN Pharmacology Proctored Exam Practice Questions - Set 8 | ATI PN Pharmacology Proctored Exam 2023 Retake 1 Practice Questions | ATI PN Pharmacology Proctored Exam Practice Questions - Set 6","LPN Exams > ATI LPN Exams > Pharmacology"
"hesi rn fundamentals","5","5","1","base_title_plus_set_series","HESI RN Fundamentals Proctored Exam Practice Questions - Set 1 | HESI RN Fundamentals Proctored Exam Practice Questions - Set 4 | HESI RN Fundamentals Practice Questions | HESI RN Fundamentals Proctored Exam Practice Questions - Set 6 | HESI RN Fundamentals Proctored Exam Practice Questions - Set 5","RN Exams > HESI RN Exams > Fundamentals"
"hesi rn mental health","3","3","1","base_title_plus_set_series","HESI RN Mental Health Proctored Exam Practice Questions - Set 5 | HESI RN Mental Health Proctored Exam Practice Questions - Set 7 | HESI RN Mental Health 2023 Proctored Exam Practice Questions","RN Exams > HESI RN Exams > Mental Health"
"ati pn adult medical surgical","4","4","1","expected_set_series","ATI PN Adult Medical Surgical Proctored Exam 2023 Practice Questions - Set 30 | ATI PN Adult Medical Surgical Proctored Exam 2023 Practice Questions - Set 25 | ATI PN Adult Medical Surgical 2023 Proctored Exam Practice Questions - Set 63 | ATI PN Adult Medical Surgical 2023 Proctored Exam Practice Questions - Set 50","LPN Exams > ATI LPN Exams > Adult Medical Surgical"
"ati pn adult medical surgical with ngn","2","2","1","expected_set_series","ATI PN Adult Medical Surgical 2020 with NGN Proctored Exam Practice Questions - Set 65 | ATI PN Adult Medical Surgical 2020 with NGN Proctored Exam Practice Questions - Set 68","LPN Exams > ATI LPN Exams > Adult Medical Surgical"
"ati pn anatomy and physiology","6","6","1","expected_set_series","ATI PN Anatomy and Physiology Proctored Exam Practice Questions - Set 2 | ATI PN Anatomy and Physiology Proctored Exam Practice Questions - Set 3 | ATI PN Anatomy and Physiology Proctored Exam Practice Questions - Set 7 | ATI PN Anatomy and Physiology Proctored Exam Practice Questions - Set 4 | ATI PN Anatomy and Physiology Proctored Exam Practice Questions - Set 1 | ATI PN Anatomy and Physiology Proctored Exam Practice Questions - Set 6","LPN Exams > ATI LPN Exams > Anatomy and Physiology"
"ati pn critical thinking","2","2","2","expected_set_series","ATI PN Critical Thinking Proctored Exam Practice Questions - Set 20 | ATI PN Critical Thinking Proctored Exam Practice Questions - Set 1","LPN Exams > ATI LPN Exams > Fundamentals | LPN Exams > ATI LPN Exams > Comprehensive Review"
"ati pn fundamentals","18","18","1","expected_set_series","ATI PN Fundamentals Proctored Exam Practice Questions - Set 30 | ATI PN Fundamentals Proctored Exam Practice Questions - Set 36 | ATI PN Fundamentals 2023 Proctored Exam Practice Questions - Set 37 | ATI PN Fundamentals Proctored Exam Practice Questions - Set 25 | ATI PN Fundamentals Proctored Exam Practice Questions - Set 24 | ATI PN Fundamentals 2023 Proctored Exam Practice Questions - Set 41 | ATI PN Fundamentals Proctored Exam Practice Questions - Set 15 | ATI PN Fundamentals Proctored Exam Practice Questions - Set 3","LPN Exams > ATI LPN Exams > Fundamentals"
"ati pn leadership","2","2","1","expected_set_series","ATI PN Leadership Proctored Exam Practice Questions - Set 2 | ATI PN Leadership Proctored Exam Practice Questions - Set 1","LPN Exams > ATI LPN Exams > Management"
"ati pn management","4","4","1","expected_set_series","ATI PN Management Proctored Exam 2023 Practice Questions - Set 3 | ATI PN Management 2023 Proctored Exam Practice Questions - Set 1 | ATI PN Management 2020 Proctored Exam Practice Questions - Set 6 | ATI PN Management 2023 Proctored Exam Practice Questions - Set 5","LPN Exams > ATI LPN Exams > Management"
"ati pn maternal newborn","11","11","1","expected_set_series","ATI PN Maternal Newborn Proctored Exam Practice Questions - Set 2 | ATI PN Maternal Newborn Proctored Exam Practice Questions - Set 4 | ATI PN Maternal Newborn 2023 Proctored Exam Practice Questions - Set 1 | ATI PN Maternal Newborn Proctored Exam Practice Questions - Set 16 | ATI PN Maternal Newborn 2023 Proctored Exam Practice Questions - Set 15 | ATI PN Maternal Newborn 2023 Proctored Exam Practice Questions - Set 14 | ATI PN Maternal Newborn 2023 Proctored Exam Practice Questions - Set 9 | ATI PN Maternal Newborn Proctored Exam Practice Questions - Set 17","LPN Exams > ATI LPN Exams > Maternal Newborn"
"ati pn maternity","2","2","1","expected_set_series","ATI PN Maternity Proctored Exam Practice Questions - Set 24 | ATI PN Maternity Proctored Exam Practice Questions - Set 26","LPN Exams > ATI LPN Exams > Maternal Newborn"
"ati pn med surg","3","3","1","expected_set_series","ATI PN Med Surg Proctored Exam Practice Questions - Set 14 | ATI PN Med Surg Proctored Exam Practice Questions - Set 69 | ATI PN Med Surg Proctored Exam Practice Questions - Set 20","LPN Exams > ATI LPN Exams > Adult Medical Surgical"
"ati pn med surg endocrine","2","2","1","expected_set_series","ATI PN Med Surg Endocrine Proctored Exam Practice Questions - Set 43 | ATI PN Med Surg Endocrine Proctored Exam Practice Questions - Set 8","LPN Exams > ATI LPN Exams > Adult Medical Surgical"
"ati pn med surg level 2","3","3","1","expected_set_series","ATI PN Med Surg Level 2 Proctored Exam Practice Questions - Set 18 | ATI PN Med Surg Level 2 Proctored Exam Practice Questions - Set 57 | ATI PN Med Surg Level 2 Proctored Exam Practice Questions - Set 48","LPN Exams > ATI LPN Exams > Adult Medical Surgical"
"ati pn med surg respiratory","2","2","1","expected_set_series","ATI PN Med Surg Respiratory Proctored Exam Practice Questions - Set 19 | ATI PN Med Surg Respiratory Proctored Exam Practice Questions - Set 5","LPN Exams > ATI LPN Exams > Adult Medical Surgical"
"ati pn medical surgical","2","2","1","expected_set_series","ATI PN Medical Surgical Proctored Exam 2023 Practice Questions - Set 21 | ATI PN Medical Surgical Proctored Exam Practice Questions - Set 45","LPN Exams > ATI LPN Exams > Adult Medical Surgical"
"ati pn mental health","14","14","1","expected_set_series","ATI PN Mental Health Proctored Exam Practice Questions - Set 18 | ATI PN Mental Health Proctored Exam 2023 Practice Questions - Set 10 | ATI PN Mental Health Proctored Exam 2023 Practice Questions - Set 12 | ATI PN Mental Health Proctored Exam Practice Questions - Set 6 | ATI PN Mental Health Proctored Exam Practice Questions - Set 20 | ATI PN Mental Health 2023 Proctored Exam Practice Questions - Set 16 | ATI PN Mental Health Proctored Exam Practice Questions - Set 3 | ATI PN Mental Health Proctored Exam Practice Questions - Set 21","LPN Exams > ATI LPN Exams > Mental Health"
"ati pn mental health level 4","2","2","1","expected_set_series","ATI PN Mental Health Level 4 Proctored Exam Practice Questions - Set 9 | ATI PN Mental Health Level 4 Proctored Exam Practice Questions - Set 11","LPN Exams > ATI LPN Exams > Mental Health"
"ati pn obstetrics nursing","2","2","1","expected_set_series","ATI PN Obstetrics Nursing Proctored Exam Practice Questions - Set 1 | ATI PN Obstetrics Nursing Proctored Exam Practice Questions - Set 3","LPN Exams > ATI LPN Exams > Maternal Newborn"
"ati pn pediatrics","5","5","1","expected_set_series","ATI PN Pediatrics Proctored Exam Practice Questions - Set 2 | ATI PN Pediatrics Proctored Exam Practice Questions - Set 1 | ATI PN Pediatrics Proctored Exam Practice Questions - Set 17 | ATI PN Pediatrics Proctored Exam Practice Questions - Set 14 | ATI PN Pediatrics Proctored Exam Practice Questions - Set 19","LPN Exams > ATI LPN Exams > Pediatric Nursing"
"ati pn pediatrics nursing","8","8","1","expected_set_series","ATI PN Pediatrics Nursing 2023 Proctored Exam Practice Questions - Set 15 | ATI PN Pediatrics Nursing 2023 Proctored Exam Practice Questions - Set 3 | ATI PN Pediatrics Nursing Proctored Exam 2023 Practice Questions - Set 7 | ATI PN Pediatrics Nursing 2023 Proctored Exam Practice Questions - Set 4 | ATI PN Pediatrics Nursing Proctored Exam Practice Questions - Set 5 | ATI PN Pediatrics Nursing Proctored Exam 2023 Practice Questions - Set 6 | ATI PN Pediatrics Nursing Proctored Exam 2023 Practice Questions - Set 8 | ATI PN Pediatrics Nursing Proctored Exam 2023 Practice Questions - Set 9","LPN Exams > ATI LPN Exams > Pediatric Nursing"
"dosage calculation","2","2","1","expected_set_series","Dosage Calculation Proctored Exam Practice Questions - Set 18 | Dosage Calculation Proctored Exam Practice Questions - Set 6","RN Exams > RN Nursing Course Exams > Dosage Calculations"
"fundamentals","4","4","1","expected_set_series","Fundamentals Proctored Exam Practice Questions - Set 11 | Fundamentals Proctored Exam Practice Questions - Set 10 | Fundamentals Proctored Exam Practice Questions - Set 3 | Fundamentals Proctored Exam Practice Questions - Set 9","RN Exams > RN Nursing Course Exams > Fundamentals"
"health assessment","2","2","1","expected_set_series","Health Assessment Proctored Exam Practice Questions - Set 1 | Health Assessment Proctored Exam Practice Questions - Set 4","RN Exams > RN Nursing Course Exams > Health Assessment"
"hesi rn adult health","2","2","1","expected_set_series","HESI RN Adult Health Proctored Exam Practice Questions - Set 8 | HESI RN Adult Health Proctored Exam Practice Questions - Set 9","RN Exams > HESI RN Exams > Adult Health"
"hesi rn dosage calculation","5","5","1","expected_set_series","HESI RN Dosage Calculation Proctored Exam Practice Questions - Set 11 | HESI RN Dosage Calculation Proctored Exam Practice Questions - Set 1 | HESI RN Dosage Calculation Proctored Exam Practice Questions - Set 4 | HESI RN Dosage Calculation Proctored Exam Practice Questions - Set 6 | HESI RN Dosage Calculation Proctored Exam Practice Questions - Set 2","RN Exams > HESI RN Exams > Dosage Calculations"
"hesi rn dosage calculations","2","2","1","expected_set_series","HESI RN Dosage Calculations Proctored Exam Practice Questions - Set 3 | HESI RN Dosage Calculations Proctored Exam Practice Questions - Set 15","RN Exams > HESI RN Exams > Dosage Calculations"
"hesi rn foundation of nursing","3","3","1","expected_set_series","HESI RN Foundation of Nursing Proctored Exam Practice Questions - Set 1 | HESI RN Foundation of Nursing Proctored Exam Practice Questions - Set 2 | HESI RN Foundation of Nursing Proctored Exam Practice Questions - Set 5","RN Exams > HESI RN Exams > Fundamentals"
"hesi rn health assessment","8","8","1","expected_set_series","HESI RN Health Assessment Proctored Exam Practice Questions - Set 3 | HESI RN Health Assessment Proctored Exam Practice Questions - Set 12 | HESI RN Health Assessment Proctored Exam Practice Questions - Set 4 | HESI RN Health Assessment Proctored Exam Practice Questions - Set 15 | HESI RN Health Assessment Proctored Exam Practice Questions - Set 10 | HESI RN Health Assessment Proctored Exam Practice Questions - Set 9 | HESI RN Health Assessment Proctored Exam Practice Questions - Set 13 | HESI RN Health Assessment Proctored Exam Practice Questions - Set 7","RN Exams > HESI RN Exams > Health Assessment"
"hesi rn maternal newborn","2","2","1","expected_set_series","HESI RN Maternal Newborn Proctored Exam Practice Questions - Set 4 | HESI RN Maternal Newborn Proctored Exam Practice Questions - Set 3","RN Exams > HESI RN Exams > Maternity"
"hesi rn med surg","3","3","1","expected_set_series","HESI RN Med Surg Proctored Exam Practice Questions - Set 17 | HESI RN Med Surg Proctored Exam Practice Questions - Set 11 | HESI RN Med Surg Proctored Exam Practice Questions - Set 18","RN Exams > HESI RN Exams > Medical Surgical"
"hesi rn medical surgical","4","4","1","expected_set_series","HESI RN Medical Surgical Proctored Exam Practice Questions - Set 20 | HESI RN Medical Surgical Proctored Exam Practice Questions - Set 15 | HESI RN Medical Surgical Proctored Exam Practice Questions - Set 10 | HESI RN Medical Surgical Proctored Exam Practice Questions - Set 19","RN Exams > HESI RN Exams > Medical Surgical"
"hesi rn milestones","2","2","1","expected_set_series","HESI RN Milestones Proctored Exam Practice Questions - Set 2 | HESI RN Milestones Proctored Exam Practice Questions - Set 1","RN Exams > HESI RN Exams > Milestones"
"hesi rn nursing research","3","3","1","expected_set_series","HESI RN Nursing Research Proctored Exam Practice Questions - Set 1 | HESI RN Nursing Research Proctored Exam Practice Questions - Set 2 | HESI RN Nursing Research Proctored Exam Practice Questions - Set 4","RN Exams > HESI RN Exams > Nursing Research"
"hesi rn pediatrics 2","2","2","1","expected_set_series","HESI RN Pediatrics Proctored Exam 2 Practice Questions - Set 9 | HESI RN Pediatrics Proctored Exam 2 Practice Questions - Set 7","RN Exams > HESI RN Exams > Pediatric Nursing"
"hesi rn pharmacology","6","6","1","expected_set_series","HESI RN Pharmacology Proctored Exam Practice Questions - Set 18 | HESI RN Pharmacology Proctored Exam Practice Questions - Set 14 | HESI RN Pharmacology Proctored Exam Practice Questions - Set 4 | HESI RN Pharmacology Proctored Exam Practice Questions - Set 21 | HESI RN Pharmacology Proctored Exam Practice Questions - Set 11 | HESI RN Pharmacology Proctored Exam Practice Questions - Set 1","RN Exams > HESI RN Exams > Pharmacology"
"lpn fundamentals basic nursing","2","2","1","expected_set_series","LPN Fundamentals Proctored Exam (Basic Nursing) - Set 4 Practice Questions | LPN Fundamentals Proctored Exam (Basic Nursing) - Set 2 Practice Questions","LPN Exams > LPN Nursing Course Exams > Fundamentals"
"maternity samuel merit university","3","3","1","expected_set_series","Maternity Proctored Exam (Samuel Merit University) Practice Questions - Set 12 | Maternity Proctored Exam (Samuel Merit University) Practice Questions - Set 11 | Maternity Proctored Exam (Samuel Merit University) Practice Questions - Set 14","RN Exams > RN Nursing Course Exams > Maternal Newborn"
"med surg","8","8","1","expected_set_series","Med Surg Proctored Exam Practice Questions - Set 22 | Med Surg Proctored Exam Practice Questions - Set 5 | Med Surg Proctored Exam Practice Questions - Set 14 | Med Surg Proctored Exam Practice Questions - Set 78 | Med Surg Proctored Exam Practice Questions - Set 15 | Med Surg Proctored Exam Practice Questions - Set 19 | Med Surg Proctored Exam Practice Questions - Set 37 | Med Surg Proctored Exam Practice Questions - Set 29","RN Exams > RN Nursing Course Exams > Medical Surgical"
"med surg cni college","3","3","1","expected_set_series","Med Surg Proctored Exam (Cni College) Practice Questions - Set 52 | Med Surg Proctored Exam (Cni College) Practice Questions - Set 27 | Med Surg Proctored Exam (Cni College) Practice Questions - Set 57","RN Exams > RN Nursing Course Exams > Medical Surgical"
"med surg ecpi college","2","2","1","expected_set_series","Med Surg Proctored Exam (Ecpi College) Practice Questions - Set 34 | Med Surg Proctored Exam (Ecpi College) Practice Questions - Set 28","RN Exams > RN Nursing Course Exams > Medical Surgical"
"med surg examplify","2","2","1","expected_set_series","Med Surg Proctored Exam (Examplify) Practice Questions - Set 4 | Med Surg Proctored Exam (Examplify) Practice Questions - Set 12","RN Exams > RN Nursing Course Exams > Medical Surgical"
"medical surgical nursing viterbo university","2","2","1","expected_set_series","Medical Surgical Nursing Proctored Exam (Viterbo University) Practice Questions - Set 44 | Medical Surgical Nursing Proctored Exam (Viterbo University) Practice Questions - Set 46","RN Exams > RN Nursing Course Exams > Medical Surgical"
"mental health","3","3","1","expected_set_series","Mental Health Proctored Exam Practice Questions - Set 9 | Mental Health Proctored Exam Practice Questions - Set 11 | Mental Health Proctored Exam Practice Questions - Set 10","RN Exams > RN Nursing Course Exams > Mental Health"
"nu 314 maternal newborn","2","2","1","expected_set_series","Nu 314 Maternal Newborn Proctored Exam Practice Questions - Set 6 | Nu 314 Maternal Newborn Proctored Exam Practice Questions - Set 7","RN Exams > RN Nursing Course Exams > Maternal Newborn"
"nur 113 med surg coastal alabama college","2","2","1","expected_set_series","NUR 113 Med Surg Proctored Exam (Coastal Alabama College) Practice Questions - Set 17 | NUR 113 Med Surg Proctored Exam (Coastal Alabama College) Practice Questions - Set 21","RN Exams > RN Nursing Course Exams > Medical Surgical"
"nurs maternal newborn","2","2","1","expected_set_series","NURS 4341 Maternal Newborn Proctored Exam Practice Questions - Set 5 | NURS 4341 Maternal Newborn Proctored Exam Practice Questions - Set 4","RN Exams > RN Nursing Course Exams > Maternal Newborn"
"nursing multidimensional care","2","2","1","expected_set_series","Nursing 2356 Multidimensional Care Proctored Exam Practice Questions - Set 3 | Nursing 2356 Multidimensional Care Proctored Exam Practice Questions - Set 2","RN Exams > RN Nursing Course Exams > Multidimensional Care"
"pathophysiology","4","4","1","expected_set_series","Pathophysiology Proctored Exam Practice Questions - Set 13 | Pathophysiology Proctored Exam Practice Questions - Set 19 | Pathophysiology Proctored Exam Practice Questions - Set 8 | Pathophysiology Proctored Exam Practice Questions - Set 1","RN Exams > RN Nursing Course Exams > Pathophysiology"
"pathophysiology samuel merit university","2","2","1","expected_set_series","Pathophysiology Proctored Exam (Samuel Merit University) Practice Questions - Set 6 | Pathophysiology Proctored Exam (Samuel Merit University) Practice Questions - Set 7","RN Exams > RN Nursing Course Exams > Pathophysiology"
"pediatrics","3","3","1","expected_set_series","Pediatrics Proctored Exam Practice Questions - Set 8 | Pediatrics Proctored Exam Practice Questions - Set 6 | Pediatrics Proctored Exam Practice Questions - Set 2","RN Exams > RN Nursing Course Exams > Pediatrics"
"pharmacology examplify","2","2","1","expected_set_series","Pharmacology Proctored Exam (Examplify) Practice Questions - Set 4 | Pharmacology Proctored Exam (Examplify) Practice Questions - Set 2","RN Exams > RN Nursing Course Exams > Pharmacology"
"teas english","14","14","1","expected_set_series","TEAS English Practice Test Set 15 | TEAS English Practice Test Set 6 | TEAS English Practice Test Set 2 | TEAS English Practice Test Set 14 | TEAS English Practice Test Set 8 | TEAS English Practice Test Set 12 | TEAS English Practice Test Set 1 | TEAS English Practice Test Set 7","ATI TEAS 7 > ATI TEAS English Practice Test > "
"teas math","14","14","1","expected_set_series","TEAS Math Practice Test Set 13 | TEAS Math Practice Test Set 1 | TEAS Math Practice Test Set 2 | TEAS Math Practice Test Set 3 | TEAS Math Practice Test Set 16 | TEAS Math Practice Test Set 14 | TEAS Math Practice Test Set 9 | TEAS Math Practice Test Set 15","ATI TEAS 7 > ATI TEAS Math Practice Test > "
"teas reading","14","14","1","expected_set_series","TEAS Reading Practice Test Set 2 | TEAS Reading Practice Test Set 10 | TEAS Reading Practice Test Set 12 | TEAS Reading Practice Test Set 6 | TEAS Reading Practice Test Set 13 | TEAS Reading Practice Test Set 8 | TEAS Reading Practice Test Set 15 | TEAS Reading Practice Test Set 7","ATI TEAS 7 > ATI TEAS Reading Practice Test > "
"teas science","14","14","1","expected_set_series","TEAS Science Practice Test Set 13 | TEAS Science Practice Test Set 9 | TEAS Science Practice Test Set 10 | TEAS Science Practice Test Set 11 | TEAS Science Practice Test Set 3 | TEAS Science Practice Test Set 1 | TEAS Science Practice Test Set 6 | TEAS Science Practice Test Set 16","ATI TEAS 7 > ATI TEAS Science Practice Test > "
"wgu pathophysiology","2","2","1","expected_set_series","WGU Pathophysiology Proctored Exam Practice Questions - Set 18 | WGU Pathophysiology Proctored Exam Practice Questions - Set 9","RN Exams > RN Nursing Course Exams > Pathophysiology"
"ati pn med surg cardiac","2","2","1","review","ATI PN Med Surg Cardiac Proctored Test Practice Questions | ATI PN Med Surg Cardiac Proctored Exam Practice Questions","LPN Exams > ATI LPN Exams > Adult Medical Surgical"
"hesi rn med surg 2","2","2","1","review","HESI RN Med Surg Proctored Exam 2 Practice Questions | HESI RN Med Surg 2 Proctored Exam Practice Questions","RN Exams > HESI RN Exams > Medical Surgical"
"hesi rn med surg 3","2","2","1","review","HESI RN Med Surg Proctored Exam 3 Practice Questions | HESI RN Med-Surg 3 Proctored Exam Practice Questions","RN Exams > HESI RN Exams > Medical Surgical"
"med surg montgomery college","2","2","1","review","Med Surg Proctored Exam (Montgomery College) Practice Questions | Med Surg Proctored Exam Montgomery College Practice Questions","RN Exams > RN Nursing Course Exams > Medical Surgical"
"med surg regular","3","3","1","review","Med Surg Regular Proctored Exam Practice Questions | Med Surg Proctored Exam - Regular Practice Questions | Med Surg Proctored Exam (Regular) Practice Questions","RN Exams > RN Nursing Course Exams > Medical Surgical"
"pathopharmacology examplify","2","2","1","review","Pathopharmacology Proctored Exam (Examplify) Practice Questions | Pathopharmacology Proctored Exam (Examplify Exam) Practice Questions","RN Exams > RN Nursing Course Exams > Pharmacology"
"pathophysiology wgu","2","2","1","review","Pathophysiology WGU Proctored Exam Practice Questions | Pathophysiology Proctored Exam (WGU) Practice Questions","RN Exams > RN Nursing Course Exams > Pathophysiology"
"pediatrics and maternity examplify","2","2","1","review","Pediatrics and Maternity Proctored Exam (Examplify) Practice Questions | Pediatrics & Maternity Proctored Exam (Examplify) Practice Questions","RN Exams > RN Nursing Course Exams > Pediatrics"
"ati lpn comprehensive predictor","2","2","1","year_or_retake_variant","ATI LPN Comprehensive Predictor 2023 Proctored Exam | ATI LPN Comprehensive Predictor Proctored Exam","LPN Exams > ATI > "
"ati rn comprehensive predictor","2","2","1","year_or_retake_variant","ATI RN Comprehensive Predictor 2023 Retake 1 Proctored Exam | ATI RN Comprehensive Predictor 2023 Proctored Exam","RN Exams > ATI > "
"hesi pn exit","2","2","1","year_or_retake_variant","HESI PN Exit Proctored Exam | HESI PN Exit 2023 Proctored Exam","LPN Exams > HESI > "
"pn fundamentals","2","2","1","year_or_retake_variant","PN Fundamentals 2023 Proctored Exam Practice Questions | PN Fundamentals Proctored Exam Practice Questions","LPN Exams > LPN Nursing Course Exams > Fundamentals"
"rn comprehensive predictor","2","2","1","year_or_retake_variant","RN Comprehensive Predictor Proctored Exam | RN Comprehensive Predictor 2023 Proctored Exam","RN Exams > ATI > "
"rn fundamentals","3","3","1","year_or_retake_variant","RN Fundamentals 2019 Proctored Exam Practice Questions | RN Fundamentals 2019 Practice Questions | RN Fundamentals 2023 Proctored Exam Practice Questions","RN Exams > RN Nursing Course Exams > Fundamentals"
